address,date_of_birth,email,gender,granted_authority,name,password
abc,960224400,khang@gmail.com,male,ROLE_USER,batch,$10$zNXdIXB4i51hzJpdO5y3T.ZLjPBr9.qE.IMBCwpgojkeBZOBIGTNe
abc,960224400,khang@gmail.com,male,ROLE_USER,batch,$10$zNXdIXB4i51hzJpdO5y3T.ZLjPBr9.qE.IMBCwpgojkeBZOBIGTNe
abc,960224400,khang@gmail.com,male,ROLE_USER,batch,$10$zNXdIXB4i51hzJpdO5y3T.ZLjPBr9.qE.IMBCwpgojkeBZOBIGTNe
abc,960224400,khang@gmail.com,male,ROLE_USER,batch,$10$zNXdIXB4i51hzJpdO5y3T.ZLjPBr9.qE.IMBCwpgojkeBZOBIGTNe
abc,960224400,khang@gmail.com,male,ROLE_USER,batch,$10$zNXdIXB4i51hzJpdO5y3T.ZLjPBr9.qE.IMBCwpgojkeBZOBIGTNe
abc,960224400,khang@gmail.com,male,ROLE_USER,batch,$10$zNXdIXB4i51hzJpdO5y3T.ZLjPBr9.qE.IMBCwpgojkeBZOBIGTNe
abc,960224400,khang@gmail.com,male,ROLE_USER,batch,$10$zNXdIXB4i51hzJpdO5y3T.ZLjPBr9.qE.IMBCwpgojkeBZOBIGTNe
abc,960224400,khang@gmail.com,male,ROLE_USER,batch,$10$zNXdIXB4i51hzJpdO5y3T.ZLjPBr9.qE.IMBCwpgojkeBZOBIGTNe
abc,960224400,khang@gmail.com,male,ROLE_USER,batch,$10$zNXdIXB4i51hzJpdO5y3T.ZLjPBr9.qE.IMBCwpgojkeBZOBIGTNe
abc,960224400,khang@gmail.com,male,ROLE_USER,batch,$10$zNXdIXB4i51hzJpdO5y3T.ZLjPBr9.qE.IMBCwpgojkeBZOBIGTNe
abc,960224400,khang@gmail.com,male,ROLE_USER,batch,$10$zNXdIXB4i51hzJpdO5y3T.ZLjPBr9.qE.IMBCwpgojkeBZOBIGTNe
abc,960224400,khang@gmail.com,male,ROLE_USER,batch,$10$zNXdIXB4i51hzJpdO5y3T.ZLjPBr9.qE.IMBCwpgojkeBZOBIGTNe
abc,960224400,khang@gmail.com,male,ROLE_USER,batch,$10$zNXdIXB4i51hzJpdO5y3T.ZLjPBr9.qE.IMBCwpgojkeBZOBIGTNe
abc,960224400,khang@gmail.com,male,ROLE_USER,batch,$10$zNXdIXB4i51hzJpdO5y3T.ZLjPBr9.qE.IMBCwpgojkeBZOBIGTNe
abc,960224400,khang@gmail.com,male,ROLE_USER,batch,$10$zNXdIXB4i51hzJpdO5y3T.ZLjPBr9.qE.IMBCwpgojkeBZOBIGTNe
abc,960224400,khang@gmail.com,male,ROLE_USER,batch,$10$zNXdIXB4i51hzJpdO5y3T.ZLjPBr9.qE.IMBCwpgojkeBZOBIGTNe
abc,960224400,khang@gmail.com,male,ROLE_USER,batch,$10$zNXdIXB4i51hzJpdO5y3T.ZLjPBr9.qE.IMBCwpgojkeBZOBIGTNe
abc,960224400,khang@gmail.com,male,ROLE_USER,batch,$10$zNXdIXB4i51hzJpdO5y3T.ZLjPBr9.qE.IMBCwpgojkeBZOBIGTNe
abc,960224400,khang@gmail.com,male,ROLE_USER,batch,$10$zNXdIXB4i51hzJpdO5y3T.ZLjPBr9.qE.IMBCwpgojkeBZOBIGTNe
abc,960224400,khang@gmail.com,male,ROLE_USER,batch,$10$zNXdIXB4i51hzJpdO5y3T.ZLjPBr9.qE.IMBCwpgojkeBZOBIGTNe
abc,960224400,khang@gmail.com,male,ROLE_USER,batch,$10$zNXdIXB4i51hzJpdO5y3T.ZLjPBr9.qE.IMBCwpgojkeBZOBIGTNe
abc,960224400,khang@gmail.com,male,ROLE_USER,batch,$10$zNXdIXB4i51hzJpdO5y3T.ZLjPBr9.qE.IMBCwpgojkeBZOBIGTNe
abc,960224400,khang@gmail.com,male,ROLE_USER,batch,$10$zNXdIXB4i51hzJpdO5y3T.ZLjPBr9.qE.IMBCwpgojkeBZOBIGTNe
abc,960224400,khang@gmail.com,male,ROLE_USER,batch,$10$zNXdIXB4i51hzJpdO5y3T.ZLjPBr9.qE.IMBCwpgojkeBZOBIGTNe
